10_t,10_f,11_t,11_f,12_t,12_f,13_t,13_f,14_t,14_f,15_t,15_f,16_t,16_f,17_t,17_f,18_t,18_f,19_t,19_f,20_t,20_f
0.0,exponpow,0.0,exponpow,0.0,cauchy,0.0,exponpow,0.0,exponpow,0.0,exponpow,0.0,norm,0.0,chi2,0.0,exponpow,0.0,cauchy,0.0,exponpow
0.0851063829787234,norm,0.0851063829787234,exponpow,0.0851063829787234,exponpow,0.0851063829787234,cauchy,0.0851063829787234,norm,0.0851063829787234,exponpow,0.0851063829787234,norm,0.0851063829787234,cauchy,0.0851063829787234,powerlaw,0.0851063829787234,cauchy,0.0851063829787234,exponpow
0.1702127659574468,norm,0.1702127659574468,exponpow,0.1702127659574468,exponpow,0.1702127659574468,exponpow,0.1702127659574468,exponpow,0.1702127659574468,cauchy,0.1702127659574468,exponpow,0.1702127659574468,cauchy,0.1702127659574468,exponpow,0.1702127659574468,cauchy,0.1702127659574468,exponpow
0.2553191489361702,powerlaw,0.2553191489361702,gamma,0.2553191489361702,exponpow,0.2553191489361702,exponpow,0.2553191489361702,exponpow,0.2553191489361702,gamma,0.2553191489361702,exponpow,0.2553191489361702,exponpow,0.2553191489361702,cauchy,0.2553191489361702,chi2,0.2553191489361702,exponpow
0.3404255319148936,powerlaw,0.3404255319148936,exponpow,0.3404255319148936,exponpow,0.3404255319148936,exponpow,0.3404255319148936,exponpow,0.3404255319148936,lognorm,0.3404255319148936,exponpow,0.3404255319148936,exponpow,0.3404255319148936,cauchy,0.3404255319148936,exponpow,0.3404255319148936,norm
0.4255319148936171,exponpow,0.4255319148936171,exponpow,0.4255319148936171,norm,0.4255319148936171,cauchy,0.4255319148936171,exponpow,0.4255319148936171,exponpow,0.4255319148936171,exponpow,0.4255319148936171,lognorm,0.4255319148936171,cauchy,0.4255319148936171,exponpow,0.4255319148936171,norm
0.5106382978723404,exponpow,0.5106382978723404,lognorm,0.5106382978723404,norm,0.5106382978723404,lognorm,0.5106382978723404,cauchy,0.5106382978723404,cauchy,0.5106382978723404,lognorm,0.5106382978723404,rayleigh,0.5106382978723404,lognorm,0.5106382978723404,exponpow,0.5106382978723404,exponpow
0.5957446808510638,exponpow,0.5957446808510638,exponpow,0.5957446808510638,cauchy,0.5957446808510638,lognorm,0.5957446808510638,exponpow,0.5957446808510638,norm,0.5957446808510638,lognorm,0.5957446808510638,chi2,0.5957446808510638,lognorm,0.5957446808510638,exponpow,0.5957446808510638,norm
0.6808510638297872,exponpow,0.6808510638297872,exponpow,0.6808510638297872,lognorm,0.6808510638297872,exponpow,0.6808510638297872,exponpow,0.6808510638297872,cauchy,0.6808510638297872,exponpow,0.6808510638297872,cauchy,0.6808510638297872,exponpow,0.6808510638297872,exponpow,0.6808510638297872,exponpow
0.7659574468085106,exponpow,0.7659574468085106,exponpow,0.7659574468085106,chi2,0.7659574468085106,exponpow,0.7659574468085106,exponpow,0.7659574468085106,exponpow,0.7659574468085106,exponpow,0.7659574468085106,lognorm,0.7659574468085106,cauchy,0.7659574468085106,cauchy,0.7659574468085106,exponpow
0.8510638297872342,exponpow,0.8510638297872342,exponpow,0.8510638297872342,cauchy,0.8510638297872342,norm,0.8510638297872342,exponpow,0.8510638297872342,exponpow,0.8510638297872342,exponpow,0.8510638297872342,lognorm,0.8510638297872342,cauchy,0.8510638297872342,lognorm,0.8510638297872342,exponpow
0.9361702127659575,cauchy,0.9361702127659575,norm,0.9361702127659575,exponpow,0.9361702127659575,exponpow,0.9361702127659575,lognorm,0.9361702127659575,lognorm,0.9361702127659575,rayleigh,0.9361702127659575,cauchy,0.9361702127659575,cauchy,0.9361702127659575,cauchy,0.9361702127659575,exponpow
1.0212765957446808,exponpow,1.0212765957446808,exponpow,1.0212765957446808,exponpow,1.0212765957446808,norm,1.0212765957446808,chi2,1.0212765957446808,lognorm,1.0212765957446808,lognorm,1.0212765957446808,cauchy,1.0212765957446808,exponpow,1.0212765957446808,exponpow,1.0212765957446808,norm
1.106382978723404,exponpow,1.106382978723404,norm,1.106382978723404,exponpow,1.106382978723404,chi2,1.106382978723404,lognorm,1.106382978723404,exponpow,1.106382978723404,lognorm,1.106382978723404,powerlaw,1.106382978723404,norm,1.106382978723404,norm,1.106382978723404,chi2
1.1914893617021276,exponpow,1.1914893617021276,lognorm,1.1914893617021276,cauchy,1.1914893617021276,powerlaw,1.1914893617021276,exponpow,1.1914893617021276,exponpow,1.1914893617021276,exponpow,1.1914893617021276,exponpow,1.1914893617021276,chi2,1.1914893617021276,exponpow,1.1914893617021276,exponpow
1.2765957446808511,norm,1.2765957446808511,lognorm,1.2765957446808511,exponpow,1.2765957446808511,lognorm,1.2765957446808511,exponpow,1.2765957446808511,exponpow,1.2765957446808511,lognorm,1.2765957446808511,norm,1.2765957446808511,exponpow,1.2765957446808511,cauchy,1.2765957446808511,norm
1.3617021276595744,exponpow,1.3617021276595744,lognorm,1.3617021276595744,cauchy,1.3617021276595744,exponpow,1.3617021276595744,exponpow,1.3617021276595744,powerlaw,1.3617021276595744,exponpow,1.3617021276595744,exponpow,1.3617021276595744,exponpow,1.3617021276595744,lognorm,1.3617021276595744,cauchy
1.4468085106382977,exponpow,1.4468085106382977,lognorm,1.4468085106382977,norm,1.4468085106382977,cauchy,1.4468085106382977,powerlaw,1.4468085106382977,exponpow,1.4468085106382977,exponpow,1.4468085106382977,rayleigh,1.4468085106382977,rayleigh,1.4468085106382977,exponpow,1.4468085106382977,cauchy
1.5319148936170213,lognorm,1.5319148936170213,exponpow,1.5319148936170213,cauchy,1.5319148936170213,exponpow,1.5319148936170213,exponpow,1.5319148936170213,exponpow,1.5319148936170213,exponpow,1.5319148936170213,norm,1.5319148936170213,lognorm,1.5319148936170213,lognorm,1.5319148936170213,gamma
1.6170212765957448,gamma,1.6170212765957448,exponpow,1.6170212765957448,cauchy,1.6170212765957448,exponpow,1.6170212765957448,lognorm,1.6170212765957448,gamma,1.6170212765957448,norm,1.6170212765957448,norm,1.6170212765957448,gamma,1.6170212765957448,norm,1.6170212765957448,exponpow
1.7021276595744683,gamma,1.7021276595744683,exponpow,1.7021276595744683,lognorm,1.7021276595744683,exponpow,1.7021276595744683,lognorm,1.7021276595744683,cauchy,1.7021276595744683,powerlaw,1.7021276595744683,exponpow,1.7021276595744683,powerlaw,1.7021276595744683,cauchy,1.7021276595744683,exponpow
1.7872340425531914,lognorm,1.7872340425531914,exponpow,1.7872340425531914,lognorm,1.7872340425531914,norm,1.7872340425531914,exponpow,1.7872340425531914,norm,1.7872340425531914,exponpow,1.7872340425531914,lognorm,1.7872340425531914,cauchy,1.7872340425531914,cauchy,1.7872340425531914,norm
1.872340425531915,lognorm,1.872340425531915,exponpow,1.872340425531915,lognorm,1.872340425531915,exponpow,1.872340425531915,exponpow,1.872340425531915,exponpow,1.872340425531915,lognorm,1.872340425531915,exponpow,1.872340425531915,exponpow,1.872340425531915,cauchy,1.872340425531915,exponpow
1.9574468085106385,exponpow,1.9574468085106385,exponpow,1.9574468085106385,exponpow,1.9574468085106385,exponpow,1.9574468085106385,exponpow,1.9574468085106385,gamma,1.9574468085106385,gamma,1.9574468085106385,exponpow,1.9574468085106385,exponpow,1.9574468085106385,exponpow,1.9574468085106385,exponpow
2.0425531914893615,cauchy,2.0425531914893615,exponpow,2.0425531914893615,exponpow,2.0425531914893615,cauchy,2.0425531914893615,norm,2.0425531914893615,exponpow,2.0425531914893615,rayleigh,2.0425531914893615,lognorm,2.0425531914893615,powerlaw,2.0425531914893615,powerlaw,2.0425531914893615,exponpow
2.127659574468085,exponpow,2.127659574468085,lognorm,2.127659574468085,norm,2.127659574468085,exponpow,2.127659574468085,lognorm,2.127659574468085,gamma,2.127659574468085,cauchy,2.127659574468085,exponpow,2.127659574468085,cauchy,2.127659574468085,powerlaw,2.127659574468085,exponpow
2.212765957446808,exponpow,2.212765957446808,chi2,2.212765957446808,norm,2.212765957446808,norm,2.212765957446808,lognorm,2.212765957446808,lognorm,2.212765957446808,powerlaw,2.212765957446808,exponpow,2.212765957446808,exponpow,2.212765957446808,powerlaw,2.212765957446808,lognorm
2.297872340425532,exponpow,2.297872340425532,lognorm,2.297872340425532,lognorm,2.297872340425532,exponpow,2.297872340425532,norm,2.297872340425532,exponpow,2.297872340425532,exponpow,2.297872340425532,exponpow,2.297872340425532,exponpow,2.297872340425532,exponpow,2.297872340425532,gamma
2.382978723404255,powerlaw,2.382978723404255,exponpow,2.382978723404255,lognorm,2.382978723404255,cauchy,2.382978723404255,exponpow,2.382978723404255,exponpow,2.382978723404255,rayleigh,2.382978723404255,exponpow,2.382978723404255,norm,2.382978723404255,exponpow,2.382978723404255,gamma
2.4680851063829787,cauchy,2.4680851063829787,exponpow,2.4680851063829787,chi2,2.4680851063829787,cauchy,2.4680851063829787,exponpow,2.4680851063829787,lognorm,2.4680851063829787,lognorm,2.4680851063829787,rayleigh,2.4680851063829787,lognorm,2.4680851063829787,exponpow,2.4680851063829787,cauchy
2.5531914893617023,lognorm,2.5531914893617023,exponpow,2.5531914893617023,exponpow,2.5531914893617023,cauchy,2.5531914893617023,exponpow,2.5531914893617023,exponpow,2.5531914893617023,powerlaw,2.5531914893617023,lognorm,2.5531914893617023,exponpow,2.5531914893617023,exponpow,2.5531914893617023,gamma
2.638297872340426,lognorm,2.638297872340426,exponpow,2.638297872340426,exponpow,2.638297872340426,lognorm,2.638297872340426,exponpow,2.638297872340426,exponpow,2.638297872340426,cauchy,2.638297872340426,lognorm,2.638297872340426,exponpow,2.638297872340426,lognorm,2.638297872340426,norm
2.723404255319149,chi2,2.723404255319149,exponpow,2.723404255319149,exponpow,2.723404255319149,cauchy,2.723404255319149,exponpow,2.723404255319149,exponpow,2.723404255319149,lognorm,2.723404255319149,lognorm,2.723404255319149,exponpow,2.723404255319149,gamma,2.723404255319149,exponpow
2.8085106382978724,norm,2.8085106382978724,norm,2.8085106382978724,gamma,2.8085106382978724,lognorm,2.8085106382978724,exponpow,2.8085106382978724,cauchy,2.8085106382978724,gamma,2.8085106382978724,lognorm,2.8085106382978724,norm,2.8085106382978724,powerlaw,2.8085106382978724,exponpow
2.8936170212765955,exponpow,2.8936170212765955,gamma,2.8936170212765955,gamma,2.8936170212765955,uniform,2.8936170212765955,cauchy,2.8936170212765955,cauchy,2.8936170212765955,lognorm,2.8936170212765955,exponpow,2.8936170212765955,lognorm,2.8936170212765955,powerlaw,2.8936170212765955,norm
2.978723404255319,lognorm,2.978723404255319,exponpow,2.978723404255319,norm,2.978723404255319,exponpow,2.978723404255319,exponpow,2.978723404255319,exponpow,2.978723404255319,rayleigh,2.978723404255319,chi2,2.978723404255319,gamma,2.978723404255319,powerlaw,2.978723404255319,norm
3.0638297872340425,exponpow,3.0638297872340425,chi2,3.0638297872340425,lognorm,3.0638297872340425,gamma,3.0638297872340425,norm,3.0638297872340425,exponpow,3.0638297872340425,norm,3.0638297872340425,norm,3.0638297872340425,powerlaw,3.0638297872340425,cauchy,3.0638297872340425,norm
3.1489361702127656,norm,3.1489361702127656,norm,3.1489361702127656,lognorm,3.1489361702127656,exponpow,3.1489361702127656,exponpow,3.1489361702127656,cauchy,3.1489361702127656,exponpow,3.1489361702127656,lognorm,3.1489361702127656,exponpow,3.1489361702127656,norm,3.1489361702127656,norm
3.2340425531914896,cauchy,3.2340425531914896,norm,3.2340425531914896,lognorm,3.2340425531914896,exponpow,3.2340425531914896,exponpow,3.2340425531914896,exponpow,3.2340425531914896,norm,3.2340425531914896,lognorm,3.2340425531914896,exponpow,3.2340425531914896,gamma,3.2340425531914896,cauchy
3.3191489361702127,cauchy,3.3191489361702127,chi2,3.3191489361702127,gamma,3.3191489361702127,rayleigh,3.3191489361702127,exponpow,3.3191489361702127,powerlaw,3.3191489361702127,cauchy,3.3191489361702127,lognorm,3.3191489361702127,exponpow,3.3191489361702127,cauchy,3.3191489361702127,norm
3.4042553191489366,exponpow,3.4042553191489366,gamma,3.4042553191489366,uniform,3.4042553191489366,powerlaw,3.4042553191489366,cauchy,3.4042553191489366,exponpow,3.4042553191489366,norm,3.4042553191489366,powerlaw,3.4042553191489366,lognorm,3.4042553191489366,cauchy,3.4042553191489366,lognorm
3.4893617021276593,exponpow,3.4893617021276593,norm,3.4893617021276593,gamma,3.4893617021276593,exponpow,3.4893617021276593,exponpow,3.4893617021276593,gamma,3.4893617021276593,exponpow,3.4893617021276593,powerlaw,3.4893617021276593,cauchy,3.4893617021276593,cauchy,3.4893617021276593,exponpow
3.574468085106383,exponpow,3.574468085106383,norm,3.574468085106383,exponpow,3.574468085106383,exponpow,3.574468085106383,norm,3.574468085106383,powerlaw,3.574468085106383,cauchy,3.574468085106383,exponpow,3.574468085106383,cauchy,3.574468085106383,gamma,3.574468085106383,exponpow
3.6595744680851063,exponpow,3.6595744680851063,chi2,3.6595744680851063,exponpow,3.6595744680851063,exponpow,3.6595744680851063,norm,3.6595744680851063,lognorm,3.6595744680851063,lognorm,3.6595744680851063,cauchy,3.6595744680851063,exponpow,3.6595744680851063,cauchy,3.6595744680851063,exponpow
3.74468085106383,chi2,3.74468085106383,exponpow,3.74468085106383,exponpow,3.74468085106383,cauchy,3.74468085106383,exponpow,3.74468085106383,gamma,3.74468085106383,gamma,3.74468085106383,powerlaw,3.74468085106383,powerlaw,3.74468085106383,chi2,3.74468085106383,exponpow
3.8297872340425534,chi2,3.8297872340425534,gamma,3.8297872340425534,gamma,3.8297872340425534,chi2,3.8297872340425534,exponpow,3.8297872340425534,lognorm,3.8297872340425534,cauchy,3.8297872340425534,norm,3.8297872340425534,exponpow,3.8297872340425534,norm,3.8297872340425534,exponpow
3.914893617021277,exponpow,3.914893617021277,exponpow,3.914893617021277,cauchy,3.914893617021277,chi2,3.914893617021277,exponpow,3.914893617021277,cauchy,3.914893617021277,lognorm,3.914893617021277,cauchy,3.914893617021277,gamma,3.914893617021277,cauchy,3.914893617021277,lognorm
4.0,exponpow,4.0,gamma,4.0,powerlaw,4.0,exponpow,4.0,rayleigh,4.0,rayleigh,4.0,exponpow,4.0,cauchy,4.0,cauchy,4.0,cauchy,4.0,exponpow
4.085106382978723,gamma,4.085106382978723,exponpow,4.085106382978723,exponpow,4.085106382978723,exponpow,4.085106382978723,exponpow,4.085106382978723,cauchy,4.085106382978723,cauchy,4.085106382978723,cauchy,4.085106382978723,exponpow,4.085106382978723,gamma,4.085106382978723,exponpow
4.170212765957447,gamma,4.170212765957447,norm,4.170212765957447,lognorm,4.170212765957447,exponpow,4.170212765957447,exponpow,4.170212765957447,exponpow,4.170212765957447,norm,4.170212765957447,cauchy,4.170212765957447,gamma,4.170212765957447,norm,4.170212765957447,exponpow
4.25531914893617,gamma,4.25531914893617,lognorm,4.25531914893617,norm,4.25531914893617,cauchy,4.25531914893617,exponpow,4.25531914893617,cauchy,4.25531914893617,exponpow,4.25531914893617,lognorm,4.25531914893617,lognorm,4.25531914893617,exponpow,4.25531914893617,exponpow
4.340425531914894,lognorm,4.340425531914894,norm,4.340425531914894,exponpow,4.340425531914894,exponpow,4.340425531914894,cauchy,4.340425531914894,norm,4.340425531914894,cauchy,4.340425531914894,lognorm,4.340425531914894,rayleigh,4.340425531914894,exponpow,4.340425531914894,exponpow
4.425531914893616,cauchy,4.425531914893616,chi2,4.425531914893616,chi2,4.425531914893616,cauchy,4.425531914893616,gamma,4.425531914893616,exponpow,4.425531914893616,cauchy,4.425531914893616,exponpow,4.425531914893616,lognorm,4.425531914893616,exponpow,4.425531914893616,exponpow
4.51063829787234,exponpow,4.51063829787234,lognorm,4.51063829787234,exponpow,4.51063829787234,cauchy,4.51063829787234,exponpow,4.51063829787234,exponpow,4.51063829787234,exponpow,4.51063829787234,cauchy,4.51063829787234,lognorm,4.51063829787234,cauchy,4.51063829787234,cauchy
4.595744680851064,exponpow,4.595744680851064,norm,4.595744680851064,exponpow,4.595744680851064,cauchy,4.595744680851064,powerlaw,4.595744680851064,rayleigh,4.595744680851064,cauchy,4.595744680851064,norm,4.595744680851064,exponpow,4.595744680851064,cauchy,4.595744680851064,lognorm
4.680851063829787,exponpow,4.680851063829787,gamma,4.680851063829787,gamma,4.680851063829787,exponpow,4.680851063829787,powerlaw,4.680851063829787,powerlaw,4.680851063829787,cauchy,4.680851063829787,gamma,4.680851063829787,exponpow,4.680851063829787,cauchy,4.680851063829787,exponpow
4.76595744680851,powerlaw,4.76595744680851,norm,4.76595744680851,norm,4.76595744680851,exponpow,4.76595744680851,lognorm,4.76595744680851,cauchy,4.76595744680851,cauchy,4.76595744680851,lognorm,4.76595744680851,exponpow,4.76595744680851,exponpow,4.76595744680851,exponpow
4.8510638297872335,exponpow,4.8510638297872335,lognorm,4.8510638297872335,exponpow,4.8510638297872335,exponpow,4.8510638297872335,exponpow,4.8510638297872335,cauchy,4.8510638297872335,cauchy,4.8510638297872335,exponpow,4.8510638297872335,norm,4.8510638297872335,norm,4.8510638297872335,cauchy
4.9361702127659575,exponpow,4.9361702127659575,gamma,4.9361702127659575,norm,4.9361702127659575,cauchy,4.9361702127659575,lognorm,4.9361702127659575,lognorm,4.9361702127659575,cauchy,4.9361702127659575,exponpow,4.9361702127659575,exponpow,4.9361702127659575,norm,4.9361702127659575,cauchy
5.0212765957446805,cauchy,5.0212765957446805,norm,5.0212765957446805,exponpow,5.0212765957446805,cauchy,5.0212765957446805,lognorm,5.0212765957446805,cauchy,5.0212765957446805,lognorm,5.0212765957446805,exponpow,5.0212765957446805,cauchy,5.0212765957446805,cauchy,5.0212765957446805,exponpow
5.1063829787234045,exponpow,5.1063829787234045,exponpow,5.1063829787234045,exponpow,5.1063829787234045,norm,5.1063829787234045,exponpow,5.1063829787234045,exponpow,5.1063829787234045,cauchy,5.1063829787234045,chi2,5.1063829787234045,norm,5.1063829787234045,lognorm,5.1063829787234045,powerlaw
5.191489361702128,exponpow,5.191489361702128,exponpow,5.191489361702128,exponpow,5.191489361702128,cauchy,5.191489361702128,norm,5.191489361702128,lognorm,5.191489361702128,cauchy,5.191489361702128,norm,5.191489361702128,lognorm,5.191489361702128,cauchy,5.191489361702128,exponpow
5.276595744680852,gamma,5.276595744680852,exponpow,5.276595744680852,powerlaw,5.276595744680852,cauchy,5.276595744680852,cauchy,5.276595744680852,cauchy,5.276595744680852,exponpow,5.276595744680852,cauchy,5.276595744680852,norm,5.276595744680852,cauchy,5.276595744680852,exponpow
5.361702127659575,exponpow,5.361702127659575,cauchy,5.361702127659575,chi2,5.361702127659575,cauchy,5.361702127659575,exponpow,5.361702127659575,cauchy,5.361702127659575,cauchy,5.361702127659575,norm,5.361702127659575,norm,5.361702127659575,cauchy,5.361702127659575,exponpow
5.446808510638298,gamma,5.446808510638298,exponpow,5.446808510638298,chi2,5.446808510638298,cauchy,5.446808510638298,exponpow,5.446808510638298,rayleigh,5.446808510638298,cauchy,5.446808510638298,cauchy,5.446808510638298,exponpow,5.446808510638298,cauchy,5.446808510638298,exponpow
5.531914893617021,norm,5.531914893617021,exponpow,5.531914893617021,exponpow,5.531914893617021,cauchy,5.531914893617021,exponpow,5.531914893617021,exponpow,5.531914893617021,exponpow,5.531914893617021,norm,5.531914893617021,exponpow,5.531914893617021,cauchy,5.531914893617021,exponpow
5.617021276595745,lognorm,5.617021276595745,exponpow,5.617021276595745,exponpow,5.617021276595745,cauchy,5.617021276595745,cauchy,5.617021276595745,cauchy,5.617021276595745,lognorm,5.617021276595745,cauchy,5.617021276595745,cauchy,5.617021276595745,cauchy,5.617021276595745,exponpow
5.702127659574469,norm,5.702127659574469,cauchy,5.702127659574469,lognorm,5.702127659574469,norm,5.702127659574469,exponpow,5.702127659574469,chi2,5.702127659574469,cauchy,5.702127659574469,powerlaw,5.702127659574469,norm,5.702127659574469,lognorm,5.702127659574469,cauchy
5.787234042553191,lognorm,5.787234042553191,exponpow,5.787234042553191,exponpow,5.787234042553191,cauchy,5.787234042553191,cauchy,5.787234042553191,exponpow,5.787234042553191,exponpow,5.787234042553191,cauchy,5.787234042553191,chi2,5.787234042553191,exponpow,5.787234042553191,exponpow
5.872340425531915,cauchy,5.872340425531915,cauchy,5.872340425531915,lognorm,5.872340425531915,lognorm,5.872340425531915,exponpow,5.872340425531915,norm,5.872340425531915,cauchy,5.872340425531915,cauchy,5.872340425531915,exponpow,5.872340425531915,lognorm,5.872340425531915,exponpow
5.957446808510638,cauchy,5.957446808510638,lognorm,5.957446808510638,powerlaw,5.957446808510638,chi2,5.957446808510638,exponpow,5.957446808510638,powerlaw,5.957446808510638,exponpow,5.957446808510638,gamma,5.957446808510638,lognorm,5.957446808510638,cauchy,5.957446808510638,norm
6.042553191489361,exponpow,6.042553191489361,exponpow,6.042553191489361,cauchy,6.042553191489361,norm,6.042553191489361,exponpow,6.042553191489361,cauchy,6.042553191489361,cauchy,6.042553191489361,cauchy,6.042553191489361,cauchy,6.042553191489361,lognorm,6.042553191489361,norm
6.127659574468085,powerlaw,6.127659574468085,exponpow,6.127659574468085,exponpow,6.127659574468085,exponpow,6.127659574468085,norm,6.127659574468085,cauchy,6.127659574468085,exponpow,6.127659574468085,exponpow,6.127659574468085,exponpow,6.127659574468085,cauchy,6.127659574468085,lognorm
6.212765957446808,norm,6.212765957446808,cauchy,6.212765957446808,norm,6.212765957446808,exponpow,6.212765957446808,exponpow,6.212765957446808,cauchy,6.212765957446808,cauchy,6.212765957446808,cauchy,6.212765957446808,lognorm,6.212765957446808,cauchy,6.212765957446808,exponpow
6.297872340425531,exponpow,6.297872340425531,norm,6.297872340425531,norm,6.297872340425531,exponpow,6.297872340425531,cauchy,6.297872340425531,lognorm,6.297872340425531,exponpow,6.297872340425531,cauchy,6.297872340425531,exponpow,6.297872340425531,exponpow,6.297872340425531,lognorm
6.382978723404255,exponpow,6.382978723404255,exponpow,6.382978723404255,exponpow,6.382978723404255,cauchy,6.382978723404255,exponpow,6.382978723404255,lognorm,6.382978723404255,cauchy,6.382978723404255,lognorm,6.382978723404255,cauchy,6.382978723404255,cauchy,6.382978723404255,norm
6.468085106382979,cauchy,6.468085106382979,exponpow,6.468085106382979,exponpow,6.468085106382979,exponpow,6.468085106382979,exponpow,6.468085106382979,exponpow,6.468085106382979,lognorm,6.468085106382979,lognorm,6.468085106382979,cauchy,6.468085106382979,cauchy,6.468085106382979,lognorm
6.553191489361702,lognorm,6.553191489361702,norm,6.553191489361702,powerlaw,6.553191489361702,lognorm,6.553191489361702,exponpow,6.553191489361702,cauchy,6.553191489361702,exponpow,6.553191489361702,exponpow,6.553191489361702,norm,6.553191489361702,norm,6.553191489361702,lognorm
6.638297872340425,exponpow,6.638297872340425,exponpow,6.638297872340425,cauchy,6.638297872340425,norm,6.638297872340425,exponpow,6.638297872340425,norm,6.638297872340425,powerlaw,6.638297872340425,norm,6.638297872340425,exponpow,6.638297872340425,norm,6.638297872340425,norm
6.723404255319149,exponpow,6.723404255319149,norm,6.723404255319149,cauchy,6.723404255319149,cauchy,6.723404255319149,cauchy,6.723404255319149,lognorm,6.723404255319149,chi2,6.723404255319149,exponpow,6.723404255319149,norm,6.723404255319149,cauchy,6.723404255319149,exponpow
6.808510638297873,exponpow,6.808510638297873,exponpow,6.808510638297873,cauchy,6.808510638297873,exponpow,6.808510638297873,norm,6.808510638297873,exponpow,6.808510638297873,exponpow,6.808510638297873,lognorm,6.808510638297873,lognorm,6.808510638297873,powerlaw,6.808510638297873,norm
6.893617021276596,exponpow,6.893617021276596,norm,6.893617021276596,exponpow,6.893617021276596,cauchy,6.893617021276596,cauchy,6.893617021276596,exponpow,6.893617021276596,exponpow,6.893617021276596,lognorm,6.893617021276596,lognorm,6.893617021276596,expon,6.893617021276596,chi2
6.978723404255319,gamma,6.978723404255319,chi2,6.978723404255319,cauchy,6.978723404255319,cauchy,6.978723404255319,lognorm,6.978723404255319,cauchy,6.978723404255319,norm,6.978723404255319,gamma,6.978723404255319,norm,6.978723404255319,powerlaw,6.978723404255319,norm
7.063829787234042,gamma,7.063829787234042,chi2,7.063829787234042,exponpow,7.063829787234042,cauchy,7.063829787234042,gamma,7.063829787234042,norm,7.063829787234042,lognorm,7.063829787234042,cauchy,7.063829787234042,lognorm,7.063829787234042,chi2,7.063829787234042,gamma
7.148936170212766,exponpow,7.148936170212766,exponpow,7.148936170212766,lognorm,7.148936170212766,cauchy,7.148936170212766,exponpow,7.148936170212766,lognorm,7.148936170212766,rayleigh,7.148936170212766,rayleigh,7.148936170212766,exponpow,7.148936170212766,cauchy,7.148936170212766,norm
7.23404255319149,exponpow,7.23404255319149,gamma,7.23404255319149,norm,7.23404255319149,cauchy,7.23404255319149,exponpow,7.23404255319149,lognorm,7.23404255319149,norm,7.23404255319149,exponpow,7.23404255319149,lognorm,7.23404255319149,powerlaw,7.23404255319149,norm
7.319148936170213,gamma,7.319148936170213,lognorm,7.319148936170213,lognorm,7.319148936170213,norm,7.319148936170213,norm,7.319148936170213,expon,7.319148936170213,lognorm,7.319148936170213,cauchy,7.319148936170213,exponpow,7.319148936170213,norm,7.319148936170213,gamma
7.404255319148936,norm,7.404255319148936,gamma,7.404255319148936,lognorm,7.404255319148936,cauchy,7.404255319148936,exponpow,7.404255319148936,lognorm,7.404255319148936,norm,7.404255319148936,cauchy,7.404255319148936,norm,7.404255319148936,gamma,7.404255319148936,lognorm
7.48936170212766,norm,7.48936170212766,gamma,7.48936170212766,powerlaw,7.48936170212766,chi2,7.48936170212766,chi2,7.48936170212766,cauchy,7.48936170212766,lognorm,7.48936170212766,norm,7.48936170212766,exponpow,7.48936170212766,exponpow,7.48936170212766,gamma
7.574468085106384,chi2,7.574468085106384,chi2,7.574468085106384,exponpow,7.574468085106384,norm,7.574468085106384,chi2,7.574468085106384,exponpow,7.574468085106384,cauchy,7.574468085106384,norm,7.574468085106384,cauchy,7.574468085106384,rayleigh,7.574468085106384,exponpow
7.659574468085107,lognorm,7.659574468085107,chi2,7.659574468085107,exponpow,7.659574468085107,exponpow,7.659574468085107,lognorm,7.659574468085107,lognorm,7.659574468085107,expon,7.659574468085107,norm,7.659574468085107,lognorm,7.659574468085107,norm,7.659574468085107,exponpow
7.74468085106383,norm,7.74468085106383,gamma,7.74468085106383,norm,7.74468085106383,norm,7.74468085106383,chi2,7.74468085106383,norm,7.74468085106383,norm,7.74468085106383,lognorm,7.74468085106383,lognorm,7.74468085106383,uniform,7.74468085106383,lognorm
7.829787234042554,lognorm,7.829787234042554,chi2,7.829787234042554,exponpow,7.829787234042554,lognorm,7.829787234042554,exponpow,7.829787234042554,cauchy,7.829787234042554,chi2,7.829787234042554,lognorm,7.829787234042554,lognorm,7.829787234042554,lognorm,7.829787234042554,norm
7.914893617021276,lognorm,7.914893617021276,cauchy,7.914893617021276,lognorm,7.914893617021276,norm,7.914893617021276,exponpow,7.914893617021276,exponpow,7.914893617021276,norm,7.914893617021276,norm,7.914893617021276,chi2,7.914893617021276,gamma,7.914893617021276,lognorm
8.0,lognorm,8.0,exponpow,8.0,norm,8.0,exponpow,8.0,norm,8.0,cauchy,8.0,powerlaw,8.0,exponpow,8.0,norm,8.0,cauchy,8.0,lognorm
8.085106382978722,norm,8.085106382978722,cauchy,8.085106382978722,exponpow,8.085106382978722,exponpow,8.085106382978722,lognorm,8.085106382978722,exponpow,8.085106382978722,powerlaw,8.085106382978722,exponpow,8.085106382978722,chi2,8.085106382978722,powerlaw,8.085106382978722,exponpow
8.170212765957446,cauchy,8.170212765957446,norm,8.170212765957446,lognorm,8.170212765957446,exponpow,8.170212765957446,lognorm,8.170212765957446,expon,8.170212765957446,norm,8.170212765957446,cauchy,8.170212765957446,lognorm,8.170212765957446,cauchy,8.170212765957446,powerlaw
8.25531914893617,norm,8.25531914893617,lognorm,8.25531914893617,exponpow,8.25531914893617,exponpow,8.25531914893617,exponpow,8.25531914893617,uniform,8.25531914893617,rayleigh,8.25531914893617,norm,8.25531914893617,chi2,8.25531914893617,exponpow,8.25531914893617,lognorm
8.340425531914894,norm,8.340425531914894,norm,8.340425531914894,cauchy,8.340425531914894,cauchy,8.340425531914894,exponpow,8.340425531914894,chi2,8.340425531914894,rayleigh,8.340425531914894,exponpow,8.340425531914894,cauchy,8.340425531914894,rayleigh,8.340425531914894,chi2
8.425531914893618,gamma,8.425531914893618,gamma,8.425531914893618,norm,8.425531914893618,exponpow,8.425531914893618,gamma,8.425531914893618,cauchy,8.425531914893618,lognorm,8.425531914893618,exponpow,8.425531914893618,exponpow,8.425531914893618,powerlaw,8.425531914893618,exponpow
8.51063829787234,norm,8.51063829787234,powerlaw,8.51063829787234,lognorm,8.51063829787234,norm,8.51063829787234,gamma,8.51063829787234,cauchy,8.51063829787234,cauchy,8.51063829787234,norm,8.51063829787234,gamma,8.51063829787234,lognorm,8.51063829787234,lognorm
8.595744680851064,norm,8.595744680851064,norm,8.595744680851064,lognorm,8.595744680851064,cauchy,8.595744680851064,exponpow,8.595744680851064,exponpow,8.595744680851064,cauchy,8.595744680851064,lognorm,8.595744680851064,exponpow,8.595744680851064,lognorm,8.595744680851064,rayleigh
8.680851063829788,exponpow,8.680851063829788,exponpow,8.680851063829788,lognorm,8.680851063829788,lognorm,8.680851063829788,exponpow,8.680851063829788,norm,8.680851063829788,cauchy,8.680851063829788,norm,8.680851063829788,gamma,8.680851063829788,rayleigh,8.680851063829788,lognorm
8.76595744680851,norm,8.76595744680851,norm,8.76595744680851,lognorm,8.76595744680851,exponpow,8.76595744680851,exponpow,8.76595744680851,cauchy,8.76595744680851,exponpow,8.76595744680851,exponpow,8.76595744680851,chi2,8.76595744680851,exponpow,8.76595744680851,cauchy
8.851063829787233,lognorm,8.851063829787233,lognorm,8.851063829787233,lognorm,8.851063829787233,exponpow,8.851063829787233,chi2,8.851063829787233,gamma,8.851063829787233,chi2,8.851063829787233,powerlaw,8.851063829787233,gamma,8.851063829787233,exponpow,8.851063829787233,cauchy
8.936170212765957,cauchy,8.936170212765957,lognorm,8.936170212765957,cauchy,8.936170212765957,rayleigh,8.936170212765957,exponpow,8.936170212765957,chi2,8.936170212765957,lognorm,8.936170212765957,cauchy,8.936170212765957,lognorm,8.936170212765957,norm,8.936170212765957,cauchy
9.02127659574468,norm,9.02127659574468,norm,9.02127659574468,rayleigh,9.02127659574468,rayleigh,9.02127659574468,exponpow,9.02127659574468,norm,9.02127659574468,cauchy,9.02127659574468,cauchy,9.02127659574468,rayleigh,9.02127659574468,powerlaw,9.02127659574468,exponpow
9.106382978723405,exponpow,9.106382978723405,exponpow,9.106382978723405,norm,9.106382978723405,lognorm,9.106382978723405,norm,9.106382978723405,lognorm,9.106382978723405,lognorm,9.106382978723405,cauchy,9.106382978723405,norm,9.106382978723405,exponpow,9.106382978723405,exponpow
9.191489361702128,exponpow,9.191489361702128,exponpow,9.191489361702128,cauchy,9.191489361702128,exponpow,9.191489361702128,norm,9.191489361702128,exponpow,9.191489361702128,rayleigh,9.191489361702128,exponpow,9.191489361702128,cauchy,9.191489361702128,uniform,9.191489361702128,norm
9.27659574468085,rayleigh,9.27659574468085,cauchy,9.27659574468085,lognorm,9.27659574468085,cauchy,9.27659574468085,rayleigh,9.27659574468085,powerlaw,9.27659574468085,cauchy,9.27659574468085,gamma,9.27659574468085,exponpow,9.27659574468085,powerlaw,9.27659574468085,lognorm
9.361702127659575,norm,9.361702127659575,lognorm,9.361702127659575,lognorm,9.361702127659575,gamma,9.361702127659575,exponpow,9.361702127659575,uniform,9.361702127659575,norm,9.361702127659575,cauchy,9.361702127659575,lognorm,9.361702127659575,lognorm,9.361702127659575,exponpow
9.446808510638299,cauchy,9.446808510638299,norm,9.446808510638299,lognorm,9.446808510638299,cauchy,9.446808510638299,cauchy,9.446808510638299,exponpow,9.446808510638299,exponpow,9.446808510638299,cauchy,9.446808510638299,norm,9.446808510638299,gamma,9.446808510638299,exponpow
9.53191489361702,lognorm,9.53191489361702,exponpow,9.53191489361702,cauchy,9.53191489361702,exponpow,9.53191489361702,norm,9.53191489361702,uniform,9.53191489361702,gamma,9.53191489361702,exponpow,9.53191489361702,lognorm,9.53191489361702,powerlaw,9.53191489361702,cauchy
9.617021276595745,lognorm,9.617021276595745,cauchy,9.617021276595745,lognorm,9.617021276595745,lognorm,9.617021276595745,lognorm,9.617021276595745,expon,9.617021276595745,powerlaw,9.617021276595745,norm,9.617021276595745,lognorm,9.617021276595745,norm,9.617021276595745,lognorm
9.702127659574467,exponpow,9.702127659574467,cauchy,9.702127659574467,norm,9.702127659574467,exponpow,9.702127659574467,exponpow,9.702127659574467,norm,9.702127659574467,norm,9.702127659574467,exponpow,9.702127659574467,lognorm,9.702127659574467,cauchy,9.702127659574467,exponpow
9.787234042553191,cauchy,9.787234042553191,chi2,9.787234042553191,lognorm,9.787234042553191,lognorm,9.787234042553191,chi2,9.787234042553191,norm,9.787234042553191,norm,9.787234042553191,norm,9.787234042553191,lognorm,9.787234042553191,cauchy,9.787234042553191,exponpow
9.872340425531915,norm,9.872340425531915,chi2,9.872340425531915,chi2,9.872340425531915,cauchy,9.872340425531915,exponpow,9.872340425531915,powerlaw,9.872340425531915,exponpow,9.872340425531915,exponpow,9.872340425531915,cauchy,9.872340425531915,cauchy,9.872340425531915,exponpow
9.957446808510639,exponpow,9.957446808510639,exponpow,9.957446808510639,lognorm,9.957446808510639,cauchy,9.957446808510639,lognorm,9.957446808510639,cauchy,9.957446808510639,lognorm,9.957446808510639,norm,9.957446808510639,chi2,9.957446808510639,lognorm,9.957446808510639,exponpow
10.042553191489361,exponpow,10.042553191489361,exponpow,10.042553191489361,lognorm,10.042553191489361,norm,10.042553191489361,chi2,10.042553191489361,lognorm,10.042553191489361,rayleigh,10.042553191489361,norm,10.042553191489361,powerlaw,10.042553191489361,lognorm,10.042553191489361,lognorm
10.127659574468085,lognorm,10.127659574468085,lognorm,10.127659574468085,cauchy,10.127659574468085,cauchy,10.127659574468085,rayleigh,10.127659574468085,exponpow,10.127659574468085,exponpow,10.127659574468085,gamma,10.127659574468085,exponpow,10.127659574468085,gamma,10.127659574468085,exponpow
10.212765957446809,exponpow,10.212765957446809,chi2,10.212765957446809,rayleigh,10.212765957446809,exponpow,10.212765957446809,cauchy,10.212765957446809,norm,10.212765957446809,norm,10.212765957446809,rayleigh,10.212765957446809,exponpow,10.212765957446809,cauchy,10.212765957446809,norm
10.297872340425531,exponpow,10.297872340425531,lognorm,10.297872340425531,chi2,10.297872340425531,exponpow,10.297872340425531,gamma,10.297872340425531,cauchy,10.297872340425531,norm,10.297872340425531,gamma,10.297872340425531,chi2,10.297872340425531,cauchy,10.297872340425531,uniform
10.382978723404255,exponpow,10.382978723404255,exponpow,10.382978723404255,cauchy,10.382978723404255,exponpow,10.382978723404255,exponpow,10.382978723404255,cauchy,10.382978723404255,lognorm,10.382978723404255,lognorm,10.382978723404255,chi2,10.382978723404255,cauchy,10.382978723404255,chi2
10.46808510638298,exponpow,10.46808510638298,exponpow,10.46808510638298,lognorm,10.46808510638298,cauchy,10.46808510638298,lognorm,10.46808510638298,exponpow,10.46808510638298,lognorm,10.46808510638298,lognorm,10.46808510638298,norm,10.46808510638298,lognorm,10.46808510638298,chi2
10.553191489361703,exponpow,10.553191489361703,exponpow,10.553191489361703,cauchy,10.553191489361703,lognorm,10.553191489361703,cauchy,10.553191489361703,cauchy,10.553191489361703,lognorm,10.553191489361703,cauchy,10.553191489361703,norm,10.553191489361703,cauchy,10.553191489361703,gamma
10.638297872340425,exponpow,10.638297872340425,norm,10.638297872340425,lognorm,10.638297872340425,lognorm,10.638297872340425,gamma,10.638297872340425,cauchy,10.638297872340425,cauchy,10.638297872340425,cauchy,10.638297872340425,exponpow,10.638297872340425,cauchy,10.638297872340425,chi2
10.72340425531915,norm,10.72340425531915,rayleigh,10.72340425531915,cauchy,10.72340425531915,cauchy,10.72340425531915,norm,10.72340425531915,cauchy,10.72340425531915,chi2,10.72340425531915,cauchy,10.72340425531915,cauchy,10.72340425531915,cauchy,10.72340425531915,cauchy
10.808510638297872,cauchy,10.808510638297872,lognorm,10.808510638297872,cauchy,10.808510638297872,cauchy,10.808510638297872,lognorm,10.808510638297872,cauchy,10.808510638297872,cauchy,10.808510638297872,cauchy,10.808510638297872,cauchy,10.808510638297872,norm,10.808510638297872,exponpow
10.893617021276595,exponpow,10.893617021276595,chi2,10.893617021276595,gamma,10.893617021276595,lognorm,10.893617021276595,norm,10.893617021276595,cauchy,10.893617021276595,lognorm,10.893617021276595,lognorm,10.893617021276595,cauchy,10.893617021276595,lognorm,10.893617021276595,lognorm
10.97872340425532,lognorm,10.97872340425532,exponpow,10.97872340425532,gamma,10.97872340425532,rayleigh,10.97872340425532,lognorm,10.97872340425532,cauchy,10.97872340425532,cauchy,10.97872340425532,exponpow,10.97872340425532,cauchy,10.97872340425532,cauchy,10.97872340425532,gamma
11.063829787234042,chi2,11.063829787234042,exponpow,11.063829787234042,cauchy,11.063829787234042,exponpow,11.063829787234042,exponpow,11.063829787234042,lognorm,11.063829787234042,cauchy,11.063829787234042,rayleigh,11.063829787234042,cauchy,11.063829787234042,cauchy,11.063829787234042,cauchy
11.148936170212766,cauchy,11.148936170212766,norm,11.148936170212766,cauchy,11.148936170212766,exponpow,11.148936170212766,exponpow,11.148936170212766,cauchy,11.148936170212766,gamma,11.148936170212766,gamma,11.148936170212766,cauchy,11.148936170212766,cauchy,11.148936170212766,rayleigh
11.23404255319149,lognorm,11.23404255319149,cauchy,11.23404255319149,lognorm,11.23404255319149,exponpow,11.23404255319149,lognorm,11.23404255319149,lognorm,11.23404255319149,rayleigh,11.23404255319149,exponpow,11.23404255319149,norm,11.23404255319149,gamma,11.23404255319149,lognorm
11.319148936170214,exponpow,11.319148936170214,cauchy,11.319148936170214,gamma,11.319148936170214,lognorm,11.319148936170214,lognorm,11.319148936170214,chi2,11.319148936170214,cauchy,11.319148936170214,exponpow,11.319148936170214,cauchy,11.319148936170214,lognorm,11.319148936170214,cauchy
11.404255319148938,powerlaw,11.404255319148938,norm,11.404255319148938,exponpow,11.404255319148938,gamma,11.404255319148938,chi2,11.404255319148938,norm,11.404255319148938,exponpow,11.404255319148938,norm,11.404255319148938,norm,11.404255319148938,lognorm,11.404255319148938,lognorm
11.48936170212766,exponpow,11.48936170212766,chi2,11.48936170212766,exponpow,11.48936170212766,exponpow,11.48936170212766,lognorm,11.48936170212766,cauchy,11.48936170212766,exponpow,11.48936170212766,norm,11.48936170212766,exponpow,11.48936170212766,cauchy,11.48936170212766,exponpow
11.574468085106382,norm,11.574468085106382,chi2,11.574468085106382,exponpow,11.574468085106382,chi2,11.574468085106382,exponpow,11.574468085106382,cauchy,11.574468085106382,lognorm,11.574468085106382,chi2,11.574468085106382,powerlaw,11.574468085106382,cauchy,11.574468085106382,cauchy
11.659574468085106,exponpow,11.659574468085106,gamma,11.659574468085106,lognorm,11.659574468085106,exponpow,11.659574468085106,rayleigh,11.659574468085106,lognorm,11.659574468085106,rayleigh,11.659574468085106,gamma,11.659574468085106,cauchy,11.659574468085106,exponpow,11.659574468085106,cauchy
11.74468085106383,exponpow,11.74468085106383,chi2,11.74468085106383,lognorm,11.74468085106383,lognorm,11.74468085106383,lognorm,11.74468085106383,lognorm,11.74468085106383,chi2,11.74468085106383,lognorm,11.74468085106383,norm,11.74468085106383,exponpow,11.74468085106383,lognorm
11.829787234042552,norm,11.829787234042552,norm,11.829787234042552,gamma,11.829787234042552,cauchy,11.829787234042552,gamma,11.829787234042552,gamma,11.829787234042552,cauchy,11.829787234042552,lognorm,11.829787234042552,norm,11.829787234042552,gamma,11.829787234042552,norm
11.914893617021276,gamma,11.914893617021276,lognorm,11.914893617021276,lognorm,11.914893617021276,cauchy,11.914893617021276,lognorm,11.914893617021276,lognorm,11.914893617021276,lognorm,11.914893617021276,lognorm,11.914893617021276,lognorm,11.914893617021276,exponpow,11.914893617021276,exponpow
12.0,cauchy,12.0,lognorm,12.0,lognorm,12.0,lognorm,12.0,norm,12.0,cauchy,12.0,lognorm,12.0,lognorm,12.0,exponpow,12.0,gamma,12.0,exponpow
12.085106382978722,cauchy,12.085106382978722,chi2,12.085106382978722,norm,12.085106382978722,rayleigh,12.085106382978722,gamma,12.085106382978722,norm,12.085106382978722,lognorm,12.085106382978722,cauchy,12.085106382978722,lognorm,12.085106382978722,lognorm,12.085106382978722,norm
12.170212765957448,lognorm,12.170212765957448,exponpow,12.170212765957448,cauchy,12.170212765957448,rayleigh,12.170212765957448,exponpow,12.170212765957448,cauchy,12.170212765957448,gamma,12.170212765957448,cauchy,12.170212765957448,exponpow,12.170212765957448,gamma,12.170212765957448,norm
12.25531914893617,rayleigh,12.25531914893617,chi2,12.25531914893617,lognorm,12.25531914893617,exponpow,12.25531914893617,gamma,12.25531914893617,gamma,12.25531914893617,chi2,12.25531914893617,exponpow,12.25531914893617,lognorm,12.25531914893617,lognorm,12.25531914893617,lognorm
12.340425531914894,exponpow,12.340425531914894,chi2,12.340425531914894,exponpow,12.340425531914894,rayleigh,12.340425531914894,chi2,12.340425531914894,exponpow,12.340425531914894,chi2,12.340425531914894,exponpow,12.340425531914894,exponpow,12.340425531914894,rayleigh,12.340425531914894,exponpow
12.425531914893616,exponpow,12.425531914893616,exponpow,12.425531914893616,exponpow,12.425531914893616,exponpow,12.425531914893616,exponpow,12.425531914893616,rayleigh,12.425531914893616,gamma,12.425531914893616,chi2,12.425531914893616,exponpow,12.425531914893616,norm,12.425531914893616,lognorm
12.51063829787234,gamma,12.51063829787234,exponpow,12.51063829787234,exponpow,12.51063829787234,lognorm,12.51063829787234,lognorm,12.51063829787234,lognorm,12.51063829787234,exponpow,12.51063829787234,norm,12.51063829787234,lognorm,12.51063829787234,exponpow,12.51063829787234,gamma
12.595744680851062,exponpow,12.595744680851062,norm,12.595744680851062,exponpow,12.595744680851062,gamma,12.595744680851062,lognorm,12.595744680851062,exponpow,12.595744680851062,exponpow,12.595744680851062,norm,12.595744680851062,norm,12.595744680851062,gamma,12.595744680851062,lognorm
12.680851063829788,norm,12.680851063829788,lognorm,12.680851063829788,exponpow,12.680851063829788,exponpow,12.680851063829788,norm,12.680851063829788,exponpow,12.680851063829788,exponpow,12.680851063829788,exponpow,12.680851063829788,rayleigh,12.680851063829788,rayleigh,12.680851063829788,lognorm
12.76595744680851,exponpow,12.76595744680851,exponpow,12.76595744680851,chi2,12.76595744680851,lognorm,12.76595744680851,exponpow,12.76595744680851,cauchy,12.76595744680851,chi2,12.76595744680851,lognorm,12.76595744680851,chi2,12.76595744680851,gamma,12.76595744680851,lognorm
12.851063829787236,lognorm,12.851063829787236,norm,12.851063829787236,exponpow,12.851063829787236,norm,12.851063829787236,gamma,12.851063829787236,cauchy,12.851063829787236,exponpow,12.851063829787236,lognorm,12.851063829787236,exponpow,12.851063829787236,exponpow,12.851063829787236,norm
12.936170212765958,gamma,12.936170212765958,chi2,12.936170212765958,exponpow,12.936170212765958,lognorm,12.936170212765958,gamma,12.936170212765958,exponpow,12.936170212765958,lognorm,12.936170212765958,lognorm,12.936170212765958,chi2,12.936170212765958,exponpow,12.936170212765958,exponpow
13.02127659574468,lognorm,13.02127659574468,chi2,13.02127659574468,cauchy,13.02127659574468,lognorm,13.02127659574468,gamma,13.02127659574468,norm,13.02127659574468,gamma,13.02127659574468,cauchy,13.02127659574468,lognorm,13.02127659574468,lognorm,13.02127659574468,exponpow
13.106382978723405,lognorm,13.106382978723405,exponpow,13.106382978723405,lognorm,13.106382978723405,lognorm,13.106382978723405,rayleigh,13.106382978723405,cauchy,13.106382978723405,gamma,13.106382978723405,norm,13.106382978723405,lognorm,13.106382978723405,lognorm,13.106382978723405,lognorm
13.191489361702127,cauchy,13.191489361702127,norm,13.191489361702127,cauchy,13.191489361702127,cauchy,13.191489361702127,norm,13.191489361702127,exponpow,13.191489361702127,norm,13.191489361702127,exponpow,13.191489361702127,cauchy,13.191489361702127,exponpow,13.191489361702127,cauchy
13.27659574468085,exponpow,13.27659574468085,gamma,13.27659574468085,gamma,13.27659574468085,lognorm,13.27659574468085,chi2,13.27659574468085,exponpow,13.27659574468085,lognorm,13.27659574468085,norm,13.27659574468085,cauchy,13.27659574468085,lognorm,13.27659574468085,cauchy
13.361702127659573,lognorm,13.361702127659573,gamma,13.361702127659573,gamma,13.361702127659573,lognorm,13.361702127659573,chi2,13.361702127659573,cauchy,13.361702127659573,chi2,13.361702127659573,chi2,13.361702127659573,exponpow,13.361702127659573,gamma,13.361702127659573,lognorm
13.446808510638299,exponpow,13.446808510638299,lognorm,13.446808510638299,cauchy,13.446808510638299,exponpow,13.446808510638299,chi2,13.446808510638299,cauchy,13.446808510638299,chi2,13.446808510638299,cauchy,13.446808510638299,chi2,13.446808510638299,cauchy,13.446808510638299,lognorm
13.53191489361702,cauchy,13.53191489361702,lognorm,13.53191489361702,lognorm,13.53191489361702,exponpow,13.53191489361702,chi2,13.53191489361702,rayleigh,13.53191489361702,lognorm,13.53191489361702,cauchy,13.53191489361702,lognorm,13.53191489361702,cauchy,13.53191489361702,lognorm
13.617021276595747,cauchy,13.617021276595747,gamma,13.617021276595747,lognorm,13.617021276595747,cauchy,13.617021276595747,norm,13.617021276595747,lognorm,13.617021276595747,norm,13.617021276595747,lognorm,13.617021276595747,chi2,13.617021276595747,cauchy,13.617021276595747,lognorm
13.702127659574469,lognorm,13.702127659574469,lognorm,13.702127659574469,chi2,13.702127659574469,lognorm,13.702127659574469,cauchy,13.702127659574469,cauchy,13.702127659574469,norm,13.702127659574469,chi2,13.702127659574469,norm,13.702127659574469,cauchy,13.702127659574469,chi2
13.787234042553193,cauchy,13.787234042553193,lognorm,13.787234042553193,lognorm,13.787234042553193,cauchy,13.787234042553193,lognorm,13.787234042553193,cauchy,13.787234042553193,cauchy,13.787234042553193,lognorm,13.787234042553193,chi2,13.787234042553193,cauchy,13.787234042553193,norm
13.872340425531915,cauchy,13.872340425531915,gamma,13.872340425531915,lognorm,13.872340425531915,cauchy,13.872340425531915,lognorm,13.872340425531915,cauchy,13.872340425531915,exponpow,13.872340425531915,cauchy,13.872340425531915,norm,13.872340425531915,cauchy,13.872340425531915,cauchy
13.957446808510637,chi2,13.957446808510637,cauchy,13.957446808510637,cauchy,13.957446808510637,cauchy,13.957446808510637,cauchy,13.957446808510637,cauchy,13.957446808510637,exponpow,13.957446808510637,norm,13.957446808510637,exponpow,13.957446808510637,norm,13.957446808510637,lognorm
14.042553191489361,cauchy,14.042553191489361,cauchy,14.042553191489361,lognorm,14.042553191489361,cauchy,14.042553191489361,cauchy,14.042553191489361,norm,14.042553191489361,norm,14.042553191489361,lognorm,14.042553191489361,lognorm,14.042553191489361,exponpow,14.042553191489361,norm
14.127659574468083,norm,14.127659574468083,cauchy,14.127659574468083,exponpow,14.127659574468083,norm,14.127659574468083,norm,14.127659574468083,lognorm,14.127659574468083,cauchy,14.127659574468083,lognorm,14.127659574468083,exponpow,14.127659574468083,exponpow,14.127659574468083,exponpow
14.212765957446809,exponpow,14.212765957446809,cauchy,14.212765957446809,chi2,14.212765957446809,cauchy,14.212765957446809,cauchy,14.212765957446809,exponpow,14.212765957446809,chi2,14.212765957446809,cauchy,14.212765957446809,chi2,14.212765957446809,exponpow,14.212765957446809,exponpow
14.297872340425531,norm,14.297872340425531,chi2,14.297872340425531,norm,14.297872340425531,gamma,14.297872340425531,lognorm,14.297872340425531,cauchy,14.297872340425531,exponpow,14.297872340425531,norm,14.297872340425531,exponpow,14.297872340425531,norm,14.297872340425531,gamma
14.382978723404257,norm,14.382978723404257,norm,14.382978723404257,cauchy,14.382978723404257,norm,14.382978723404257,lognorm,14.382978723404257,norm,14.382978723404257,cauchy,14.382978723404257,exponpow,14.382978723404257,gamma,14.382978723404257,norm,14.382978723404257,chi2
14.46808510638298,cauchy,14.46808510638298,cauchy,14.46808510638298,exponpow,14.46808510638298,cauchy,14.46808510638298,cauchy,14.46808510638298,norm,14.46808510638298,lognorm,14.46808510638298,exponpow,14.46808510638298,gamma,14.46808510638298,norm,14.46808510638298,chi2
14.553191489361703,cauchy,14.553191489361703,cauchy,14.553191489361703,norm,14.553191489361703,cauchy,14.553191489361703,lognorm,14.553191489361703,norm,14.553191489361703,cauchy,14.553191489361703,exponpow,14.553191489361703,exponpow,14.553191489361703,norm,14.553191489361703,norm
14.638297872340425,cauchy,14.638297872340425,lognorm,14.638297872340425,cauchy,14.638297872340425,lognorm,14.638297872340425,cauchy,14.638297872340425,norm,14.638297872340425,exponpow,14.638297872340425,lognorm,14.638297872340425,exponpow,14.638297872340425,chi2,14.638297872340425,exponpow
14.72340425531915,lognorm,14.72340425531915,norm,14.72340425531915,cauchy,14.72340425531915,gamma,14.72340425531915,chi2,14.72340425531915,chi2,14.72340425531915,lognorm,14.72340425531915,cauchy,14.72340425531915,lognorm,14.72340425531915,cauchy,14.72340425531915,norm
14.808510638297872,norm,14.808510638297872,cauchy,14.808510638297872,norm,14.808510638297872,cauchy,14.808510638297872,cauchy,14.808510638297872,lognorm,14.808510638297872,exponpow,14.808510638297872,gamma,14.808510638297872,lognorm,14.808510638297872,norm,14.808510638297872,gamma
14.893617021276594,lognorm,14.893617021276594,lognorm,14.893617021276594,lognorm,14.893617021276594,cauchy,14.893617021276594,lognorm,14.893617021276594,norm,14.893617021276594,gamma,14.893617021276594,gamma,14.893617021276594,rayleigh,14.893617021276594,lognorm,14.893617021276594,cauchy
14.97872340425532,norm,14.97872340425532,lognorm,14.97872340425532,lognorm,14.97872340425532,lognorm,14.97872340425532,lognorm,14.97872340425532,norm,14.97872340425532,gamma,14.97872340425532,cauchy,14.97872340425532,cauchy,14.97872340425532,lognorm,14.97872340425532,exponpow
15.063829787234042,lognorm,15.063829787234042,norm,15.063829787234042,chi2,15.063829787234042,lognorm,15.063829787234042,cauchy,15.063829787234042,norm,15.063829787234042,cauchy,15.063829787234042,exponpow,15.063829787234042,cauchy,15.063829787234042,cauchy,15.063829787234042,exponpow
15.148936170212767,cauchy,15.148936170212767,norm,15.148936170212767,lognorm,15.148936170212767,lognorm,15.148936170212767,cauchy,15.148936170212767,gamma,15.148936170212767,lognorm,15.148936170212767,cauchy,15.148936170212767,lognorm,15.148936170212767,lognorm,15.148936170212767,rayleigh
15.23404255319149,lognorm,15.23404255319149,gamma,15.23404255319149,cauchy,15.23404255319149,norm,15.23404255319149,cauchy,15.23404255319149,cauchy,15.23404255319149,cauchy,15.23404255319149,cauchy,15.23404255319149,norm,15.23404255319149,lognorm,15.23404255319149,lognorm
15.319148936170214,cauchy,15.319148936170214,cauchy,15.319148936170214,cauchy,15.319148936170214,lognorm,15.319148936170214,cauchy,15.319148936170214,norm,15.319148936170214,cauchy,15.319148936170214,cauchy,15.319148936170214,gamma,15.319148936170214,cauchy,15.319148936170214,lognorm
15.404255319148936,norm,15.404255319148936,cauchy,15.404255319148936,cauchy,15.404255319148936,lognorm,15.404255319148936,cauchy,15.404255319148936,chi2,15.404255319148936,lognorm,15.404255319148936,cauchy,15.404255319148936,exponpow,15.404255319148936,cauchy,15.404255319148936,lognorm
15.48936170212766,cauchy,15.48936170212766,lognorm,15.48936170212766,cauchy,15.48936170212766,norm,15.48936170212766,cauchy,15.48936170212766,exponpow,15.48936170212766,cauchy,15.48936170212766,lognorm,15.48936170212766,lognorm,15.48936170212766,cauchy,15.48936170212766,lognorm
15.574468085106382,cauchy,15.574468085106382,lognorm,15.574468085106382,cauchy,15.574468085106382,cauchy,15.574468085106382,cauchy,15.574468085106382,cauchy,15.574468085106382,cauchy,15.574468085106382,cauchy,15.574468085106382,lognorm,15.574468085106382,cauchy,15.574468085106382,exponpow
15.659574468085108,cauchy,15.659574468085108,norm,15.659574468085108,cauchy,15.659574468085108,cauchy,15.659574468085108,cauchy,15.659574468085108,cauchy,15.659574468085108,gamma,15.659574468085108,cauchy,15.659574468085108,lognorm,15.659574468085108,cauchy,15.659574468085108,cauchy
15.74468085106383,lognorm,15.74468085106383,lognorm,15.74468085106383,cauchy,15.74468085106383,cauchy,15.74468085106383,cauchy,15.74468085106383,cauchy,15.74468085106383,cauchy,15.74468085106383,cauchy,15.74468085106383,cauchy,15.74468085106383,cauchy,15.74468085106383,cauchy
15.829787234042552,cauchy,15.829787234042552,cauchy,15.829787234042552,cauchy,15.829787234042552,norm,15.829787234042552,exponpow,15.829787234042552,chi2,15.829787234042552,cauchy,15.829787234042552,cauchy,15.829787234042552,cauchy,15.829787234042552,cauchy,15.829787234042552,cauchy
15.914893617021278,cauchy,15.914893617021278,cauchy,15.914893617021278,cauchy,15.914893617021278,norm,15.914893617021278,cauchy,15.914893617021278,cauchy,15.914893617021278,cauchy,15.914893617021278,cauchy,15.914893617021278,cauchy,15.914893617021278,cauchy,15.914893617021278,cauchy
16.0,cauchy,16.0,cauchy,16.0,cauchy,16.0,norm,16.0,norm,16.0,cauchy,16.0,cauchy,16.0,cauchy,16.0,cauchy,16.0,cauchy,16.0,norm
16.085106382978722,norm,16.085106382978722,cauchy,16.085106382978722,cauchy,16.085106382978722,cauchy,16.085106382978722,norm,16.085106382978722,cauchy,16.085106382978722,cauchy,16.085106382978722,cauchy,16.085106382978722,cauchy,16.085106382978722,cauchy,16.085106382978722,norm
16.170212765957444,cauchy,16.170212765957444,cauchy,16.170212765957444,cauchy,16.170212765957444,gamma,16.170212765957444,norm,16.170212765957444,cauchy,16.170212765957444,cauchy,16.170212765957444,cauchy,16.170212765957444,cauchy,16.170212765957444,cauchy,16.170212765957444,cauchy
16.25531914893617,cauchy,16.25531914893617,cauchy,16.25531914893617,cauchy,16.25531914893617,cauchy,16.25531914893617,norm,16.25531914893617,cauchy,16.25531914893617,cauchy,16.25531914893617,cauchy,16.25531914893617,exponpow,16.25531914893617,cauchy,16.25531914893617,cauchy
16.340425531914892,cauchy,16.340425531914892,cauchy,16.340425531914892,cauchy,16.340425531914892,lognorm,16.340425531914892,exponpow,16.340425531914892,norm,16.340425531914892,cauchy,16.340425531914892,cauchy,16.340425531914892,cauchy,16.340425531914892,cauchy,16.340425531914892,cauchy
16.425531914893618,cauchy,16.425531914893618,cauchy,16.425531914893618,cauchy,16.425531914893618,gamma,16.425531914893618,norm,16.425531914893618,norm,16.425531914893618,cauchy,16.425531914893618,cauchy,16.425531914893618,norm,16.425531914893618,norm,16.425531914893618,cauchy
16.51063829787234,cauchy,16.51063829787234,cauchy,16.51063829787234,cauchy,16.51063829787234,cauchy,16.51063829787234,norm,16.51063829787234,norm,16.51063829787234,cauchy,16.51063829787234,cauchy,16.51063829787234,cauchy,16.51063829787234,lognorm,16.51063829787234,cauchy
16.595744680851066,cauchy,16.595744680851066,norm,16.595744680851066,cauchy,16.595744680851066,cauchy,16.595744680851066,norm,16.595744680851066,lognorm,16.595744680851066,cauchy,16.595744680851066,cauchy,16.595744680851066,cauchy,16.595744680851066,norm,16.595744680851066,cauchy
16.680851063829788,cauchy,16.680851063829788,cauchy,16.680851063829788,cauchy,16.680851063829788,cauchy,16.680851063829788,cauchy,16.680851063829788,cauchy,16.680851063829788,cauchy,16.680851063829788,cauchy,16.680851063829788,cauchy,16.680851063829788,cauchy,16.680851063829788,cauchy
16.76595744680851,lognorm,16.76595744680851,cauchy,16.76595744680851,cauchy,16.76595744680851,cauchy,16.76595744680851,cauchy,16.76595744680851,cauchy,16.76595744680851,cauchy,16.76595744680851,cauchy,16.76595744680851,cauchy,16.76595744680851,cauchy,16.76595744680851,cauchy
16.851063829787236,lognorm,16.851063829787236,cauchy,16.851063829787236,cauchy,16.851063829787236,cauchy,16.851063829787236,cauchy,16.851063829787236,cauchy,16.851063829787236,cauchy,16.851063829787236,cauchy,16.851063829787236,cauchy,16.851063829787236,cauchy,16.851063829787236,cauchy
16.93617021276596,norm,16.93617021276596,norm,16.93617021276596,uniform,16.93617021276596,cauchy,16.93617021276596,cauchy,16.93617021276596,cauchy,16.93617021276596,cauchy,16.93617021276596,cauchy,16.93617021276596,cauchy,16.93617021276596,cauchy,16.93617021276596,cauchy
17.02127659574468,norm,17.02127659574468,cauchy,17.02127659574468,cauchy,17.02127659574468,cauchy,17.02127659574468,lognorm,17.02127659574468,cauchy,17.02127659574468,cauchy,17.02127659574468,cauchy,17.02127659574468,cauchy,17.02127659574468,cauchy,17.02127659574468,cauchy
17.106382978723403,cauchy,17.106382978723403,cauchy,17.106382978723403,exponpow,17.106382978723403,cauchy,17.106382978723403,lognorm,17.106382978723403,cauchy,17.106382978723403,cauchy,17.106382978723403,cauchy,17.106382978723403,cauchy,17.106382978723403,cauchy,17.106382978723403,cauchy
17.19148936170213,norm,17.19148936170213,cauchy,17.19148936170213,cauchy,17.19148936170213,cauchy,17.19148936170213,lognorm,17.19148936170213,cauchy,17.19148936170213,cauchy,17.19148936170213,cauchy,17.19148936170213,cauchy,17.19148936170213,cauchy,17.19148936170213,cauchy
17.27659574468085,norm,17.27659574468085,cauchy,17.27659574468085,cauchy,17.27659574468085,cauchy,17.27659574468085,chi2,17.27659574468085,cauchy,17.27659574468085,cauchy,17.27659574468085,cauchy,17.27659574468085,cauchy,17.27659574468085,cauchy,17.27659574468085,cauchy
17.361702127659576,cauchy,17.361702127659576,cauchy,17.361702127659576,cauchy,17.361702127659576,cauchy,17.361702127659576,norm,17.361702127659576,cauchy,17.361702127659576,cauchy,17.361702127659576,cauchy,17.361702127659576,cauchy,17.361702127659576,cauchy,17.361702127659576,cauchy
17.4468085106383,lognorm,17.4468085106383,cauchy,17.4468085106383,cauchy,17.4468085106383,cauchy,17.4468085106383,cauchy,17.4468085106383,cauchy,17.4468085106383,cauchy,17.4468085106383,cauchy,17.4468085106383,cauchy,17.4468085106383,cauchy,17.4468085106383,cauchy
17.53191489361702,gamma,17.53191489361702,cauchy,17.53191489361702,cauchy,17.53191489361702,cauchy,17.53191489361702,lognorm,17.53191489361702,cauchy,17.53191489361702,cauchy,17.53191489361702,cauchy,17.53191489361702,cauchy,17.53191489361702,cauchy,17.53191489361702,cauchy
17.617021276595743,cauchy,17.617021276595743,cauchy,17.617021276595743,cauchy,17.617021276595743,cauchy,17.617021276595743,cauchy,17.617021276595743,cauchy,17.617021276595743,cauchy,17.617021276595743,cauchy,17.617021276595743,cauchy,17.617021276595743,cauchy,17.617021276595743,cauchy
17.702127659574465,gamma,17.702127659574465,cauchy,17.702127659574465,cauchy,17.702127659574465,cauchy,17.702127659574465,cauchy,17.702127659574465,cauchy,17.702127659574465,cauchy,17.702127659574465,cauchy,17.702127659574465,cauchy,17.702127659574465,cauchy,17.702127659574465,cauchy
17.78723404255319,cauchy,17.78723404255319,cauchy,17.78723404255319,cauchy,17.78723404255319,cauchy,17.78723404255319,cauchy,17.78723404255319,norm,17.78723404255319,cauchy,17.78723404255319,cauchy,17.78723404255319,lognorm,17.78723404255319,cauchy,17.78723404255319,cauchy
17.872340425531913,norm,17.872340425531913,cauchy,17.872340425531913,cauchy,17.872340425531913,cauchy,17.872340425531913,norm,17.872340425531913,cauchy,17.872340425531913,cauchy,17.872340425531913,cauchy,17.872340425531913,exponpow,17.872340425531913,cauchy,17.872340425531913,cauchy
17.95744680851064,cauchy,17.95744680851064,cauchy,17.95744680851064,exponpow,17.95744680851064,cauchy,17.95744680851064,cauchy,17.95744680851064,cauchy,17.95744680851064,cauchy,17.95744680851064,cauchy,17.95744680851064,cauchy,17.95744680851064,cauchy,17.95744680851064,cauchy
18.04255319148936,cauchy,18.04255319148936,cauchy,18.04255319148936,cauchy,18.04255319148936,cauchy,18.04255319148936,cauchy,18.04255319148936,cauchy,18.04255319148936,cauchy,18.04255319148936,lognorm,18.04255319148936,cauchy,18.04255319148936,cauchy,18.04255319148936,cauchy
18.127659574468087,cauchy,18.127659574468087,cauchy,18.127659574468087,cauchy,18.127659574468087,cauchy,18.127659574468087,cauchy,18.127659574468087,norm,18.127659574468087,cauchy,18.127659574468087,gamma,18.127659574468087,cauchy,18.127659574468087,cauchy,18.127659574468087,cauchy
18.21276595744681,norm,18.21276595744681,cauchy,18.21276595744681,lognorm,18.21276595744681,cauchy,18.21276595744681,cauchy,18.21276595744681,cauchy,18.21276595744681,cauchy,18.21276595744681,cauchy,18.21276595744681,cauchy,18.21276595744681,cauchy,18.21276595744681,cauchy
18.297872340425535,cauchy,18.297872340425535,cauchy,18.297872340425535,cauchy,18.297872340425535,cauchy,18.297872340425535,cauchy,18.297872340425535,norm,18.297872340425535,cauchy,18.297872340425535,cauchy,18.297872340425535,cauchy,18.297872340425535,cauchy,18.297872340425535,cauchy
18.382978723404257,gamma,18.382978723404257,cauchy,18.382978723404257,cauchy,18.382978723404257,cauchy,18.382978723404257,cauchy,18.382978723404257,cauchy,18.382978723404257,norm,18.382978723404257,norm,18.382978723404257,cauchy,18.382978723404257,norm,18.382978723404257,exponpow
18.46808510638298,cauchy,18.46808510638298,cauchy,18.46808510638298,cauchy,18.46808510638298,gamma,18.46808510638298,cauchy,18.46808510638298,cauchy,18.46808510638298,norm,18.46808510638298,cauchy,18.46808510638298,lognorm,18.46808510638298,exponpow,18.46808510638298,cauchy
18.5531914893617,cauchy,18.5531914893617,cauchy,18.5531914893617,cauchy,18.5531914893617,lognorm,18.5531914893617,cauchy,18.5531914893617,cauchy,18.5531914893617,cauchy,18.5531914893617,lognorm,18.5531914893617,cauchy,18.5531914893617,norm,18.5531914893617,cauchy
18.638297872340424,cauchy,18.638297872340424,cauchy,18.638297872340424,cauchy,18.638297872340424,cauchy,18.638297872340424,cauchy,18.638297872340424,cauchy,18.638297872340424,lognorm,18.638297872340424,cauchy,18.638297872340424,exponpow,18.638297872340424,cauchy,18.638297872340424,cauchy
18.72340425531915,cauchy,18.72340425531915,cauchy,18.72340425531915,cauchy,18.72340425531915,exponpow,18.72340425531915,cauchy,18.72340425531915,norm,18.72340425531915,norm,18.72340425531915,cauchy,18.72340425531915,norm,18.72340425531915,cauchy,18.72340425531915,exponpow
18.80851063829787,cauchy,18.80851063829787,cauchy,18.80851063829787,cauchy,18.80851063829787,cauchy,18.80851063829787,cauchy,18.80851063829787,cauchy,18.80851063829787,cauchy,18.80851063829787,cauchy,18.80851063829787,cauchy,18.80851063829787,cauchy,18.80851063829787,cauchy
18.893617021276597,gamma,18.893617021276597,cauchy,18.893617021276597,cauchy,18.893617021276597,cauchy,18.893617021276597,cauchy,18.893617021276597,chi2,18.893617021276597,cauchy,18.893617021276597,cauchy,18.893617021276597,norm,18.893617021276597,cauchy,18.893617021276597,exponpow
18.97872340425532,lognorm,18.97872340425532,cauchy,18.97872340425532,cauchy,18.97872340425532,cauchy,18.97872340425532,cauchy,18.97872340425532,cauchy,18.97872340425532,cauchy,18.97872340425532,norm,18.97872340425532,cauchy,18.97872340425532,cauchy,18.97872340425532,exponpow
19.06382978723404,norm,19.06382978723404,norm,19.06382978723404,cauchy,19.06382978723404,cauchy,19.06382978723404,norm,19.06382978723404,cauchy,19.06382978723404,cauchy,19.06382978723404,cauchy,19.06382978723404,norm,19.06382978723404,cauchy,19.06382978723404,lognorm
19.148936170212764,norm,19.148936170212764,cauchy,19.148936170212764,cauchy,19.148936170212764,cauchy,19.148936170212764,cauchy,19.148936170212764,lognorm,19.148936170212764,cauchy,19.148936170212764,lognorm,19.148936170212764,cauchy,19.148936170212764,cauchy,19.148936170212764,norm
19.23404255319149,norm,19.23404255319149,cauchy,19.23404255319149,lognorm,19.23404255319149,exponpow,19.23404255319149,cauchy,19.23404255319149,cauchy,19.23404255319149,cauchy,19.23404255319149,lognorm,19.23404255319149,norm,19.23404255319149,lognorm,19.23404255319149,cauchy
19.319148936170212,norm,19.319148936170212,cauchy,19.319148936170212,cauchy,19.319148936170212,cauchy,19.319148936170212,cauchy,19.319148936170212,cauchy,19.319148936170212,norm,19.319148936170212,cauchy,19.319148936170212,cauchy,19.319148936170212,cauchy,19.319148936170212,norm
19.404255319148934,cauchy,19.404255319148934,norm,19.404255319148934,cauchy,19.404255319148934,cauchy,19.404255319148934,cauchy,19.404255319148934,lognorm,19.404255319148934,lognorm,19.404255319148934,cauchy,19.404255319148934,cauchy,19.404255319148934,cauchy,19.404255319148934,cauchy
19.48936170212766,lognorm,19.48936170212766,norm,19.48936170212766,cauchy,19.48936170212766,cauchy,19.48936170212766,exponpow,19.48936170212766,norm,19.48936170212766,norm,19.48936170212766,cauchy,19.48936170212766,norm,19.48936170212766,cauchy,19.48936170212766,cauchy
19.574468085106382,lognorm,19.574468085106382,cauchy,19.574468085106382,norm,19.574468085106382,cauchy,19.574468085106382,cauchy,19.574468085106382,norm,19.574468085106382,norm,19.574468085106382,cauchy,19.574468085106382,norm,19.574468085106382,cauchy,19.574468085106382,cauchy
19.659574468085108,norm,19.659574468085108,cauchy,19.659574468085108,cauchy,19.659574468085108,cauchy,19.659574468085108,cauchy,19.659574468085108,lognorm,19.659574468085108,norm,19.659574468085108,chi2,19.659574468085108,cauchy,19.659574468085108,cauchy,19.659574468085108,cauchy
19.74468085106383,lognorm,19.74468085106383,lognorm,19.74468085106383,lognorm,19.74468085106383,norm,19.74468085106383,cauchy,19.74468085106383,cauchy,19.74468085106383,exponpow,19.74468085106383,lognorm,19.74468085106383,norm,19.74468085106383,norm,19.74468085106383,cauchy
19.829787234042556,cauchy,19.829787234042556,lognorm,19.829787234042556,lognorm,19.829787234042556,cauchy,19.829787234042556,cauchy,19.829787234042556,lognorm,19.829787234042556,cauchy,19.829787234042556,lognorm,19.829787234042556,exponpow,19.829787234042556,norm,19.829787234042556,cauchy
19.914893617021278,cauchy,19.914893617021278,cauchy,19.914893617021278,norm,19.914893617021278,norm,19.914893617021278,cauchy,19.914893617021278,norm,19.914893617021278,norm,19.914893617021278,gamma,19.914893617021278,chi2,19.914893617021278,cauchy,19.914893617021278,cauchy
20.0,chi2,20.0,cauchy,20.0,cauchy,20.0,gamma,20.0,cauchy,20.0,lognorm,20.0,lognorm,20.0,exponpow,20.0,cauchy,20.0,cauchy,20.0,exponpow
20.085106382978722,norm,20.085106382978722,norm,20.085106382978722,norm,20.085106382978722,exponpow,20.085106382978722,cauchy,20.085106382978722,norm,20.085106382978722,lognorm,20.085106382978722,exponpow,20.085106382978722,norm,20.085106382978722,norm,20.085106382978722,norm
20.170212765957448,chi2,20.170212765957448,cauchy,20.170212765957448,gamma,20.170212765957448,cauchy,20.170212765957448,cauchy,20.170212765957448,norm,20.170212765957448,norm,20.170212765957448,lognorm,20.170212765957448,cauchy,20.170212765957448,norm,20.170212765957448,norm
20.25531914893617,lognorm,20.25531914893617,cauchy,20.25531914893617,cauchy,20.25531914893617,exponpow,20.25531914893617,cauchy,20.25531914893617,norm,20.25531914893617,cauchy,20.25531914893617,cauchy,20.25531914893617,cauchy,20.25531914893617,exponpow,20.25531914893617,norm
20.340425531914892,norm,20.340425531914892,cauchy,20.340425531914892,lognorm,20.340425531914892,exponpow,20.340425531914892,cauchy,20.340425531914892,chi2,20.340425531914892,cauchy,20.340425531914892,norm,20.340425531914892,cauchy,20.340425531914892,norm,20.340425531914892,chi2
20.425531914893618,norm,20.425531914893618,cauchy,20.425531914893618,gamma,20.425531914893618,lognorm,20.425531914893618,norm,20.425531914893618,norm,20.425531914893618,norm,20.425531914893618,gamma,20.425531914893618,lognorm,20.425531914893618,norm,20.425531914893618,chi2
20.51063829787234,norm,20.51063829787234,lognorm,20.51063829787234,lognorm,20.51063829787234,cauchy,20.51063829787234,lognorm,20.51063829787234,norm,20.51063829787234,chi2,20.51063829787234,norm,20.51063829787234,chi2,20.51063829787234,norm,20.51063829787234,chi2
20.595744680851062,cauchy,20.595744680851062,lognorm,20.595744680851062,cauchy,20.595744680851062,norm,20.595744680851062,cauchy,20.595744680851062,lognorm,20.595744680851062,cauchy,20.595744680851062,cauchy,20.595744680851062,lognorm,20.595744680851062,lognorm,20.595744680851062,exponpow
20.680851063829785,norm,20.680851063829785,norm,20.680851063829785,cauchy,20.680851063829785,norm,20.680851063829785,cauchy,20.680851063829785,cauchy,20.680851063829785,cauchy,20.680851063829785,chi2,20.680851063829785,lognorm,20.680851063829785,exponpow,20.680851063829785,gamma
20.76595744680851,chi2,20.76595744680851,norm,20.76595744680851,cauchy,20.76595744680851,cauchy,20.76595744680851,cauchy,20.76595744680851,cauchy,20.76595744680851,cauchy,20.76595744680851,cauchy,20.76595744680851,lognorm,20.76595744680851,norm,20.76595744680851,lognorm
20.851063829787233,cauchy,20.851063829787233,lognorm,20.851063829787233,norm,20.851063829787233,cauchy,20.851063829787233,cauchy,20.851063829787233,lognorm,20.851063829787233,cauchy,20.851063829787233,exponpow,20.851063829787233,chi2,20.851063829787233,norm,20.851063829787233,lognorm
20.93617021276596,cauchy,20.93617021276596,chi2,20.93617021276596,cauchy,20.93617021276596,cauchy,20.93617021276596,cauchy,20.93617021276596,cauchy,20.93617021276596,exponpow,20.93617021276596,lognorm,20.93617021276596,cauchy,20.93617021276596,chi2,20.93617021276596,exponpow
21.02127659574468,cauchy,21.02127659574468,gamma,21.02127659574468,cauchy,21.02127659574468,exponpow,21.02127659574468,cauchy,21.02127659574468,cauchy,21.02127659574468,cauchy,21.02127659574468,lognorm,21.02127659574468,exponpow,21.02127659574468,lognorm,21.02127659574468,exponpow
21.106382978723406,cauchy,21.106382978723406,cauchy,21.106382978723406,cauchy,21.106382978723406,lognorm,21.106382978723406,cauchy,21.106382978723406,norm,21.106382978723406,lognorm,21.106382978723406,gamma,21.106382978723406,exponpow,21.106382978723406,cauchy,21.106382978723406,chi2
21.19148936170213,cauchy,21.19148936170213,norm,21.19148936170213,exponpow,21.19148936170213,norm,21.19148936170213,cauchy,21.19148936170213,lognorm,21.19148936170213,cauchy,21.19148936170213,exponpow,21.19148936170213,cauchy,21.19148936170213,exponpow,21.19148936170213,cauchy
21.27659574468085,cauchy,21.27659574468085,cauchy,21.27659574468085,cauchy,21.27659574468085,cauchy,21.27659574468085,cauchy,21.27659574468085,cauchy,21.27659574468085,norm,21.27659574468085,cauchy,21.27659574468085,lognorm,21.27659574468085,cauchy,21.27659574468085,cauchy
21.361702127659576,exponpow,21.361702127659576,cauchy,21.361702127659576,cauchy,21.361702127659576,cauchy,21.361702127659576,cauchy,21.361702127659576,cauchy,21.361702127659576,cauchy,21.361702127659576,lognorm,21.361702127659576,cauchy,21.361702127659576,lognorm,21.361702127659576,lognorm
21.4468085106383,cauchy,21.4468085106383,cauchy,21.4468085106383,cauchy,21.4468085106383,cauchy,21.4468085106383,lognorm,21.4468085106383,exponpow,21.4468085106383,cauchy,21.4468085106383,cauchy,21.4468085106383,cauchy,21.4468085106383,cauchy,21.4468085106383,gamma
21.53191489361702,cauchy,21.53191489361702,norm,21.53191489361702,norm,21.53191489361702,lognorm,21.53191489361702,cauchy,21.53191489361702,norm,21.53191489361702,cauchy,21.53191489361702,cauchy,21.53191489361702,cauchy,21.53191489361702,cauchy,21.53191489361702,cauchy
21.617021276595743,norm,21.617021276595743,cauchy,21.617021276595743,cauchy,21.617021276595743,norm,21.617021276595743,gamma,21.617021276595743,cauchy,21.617021276595743,cauchy,21.617021276595743,cauchy,21.617021276595743,cauchy,21.617021276595743,cauchy,21.617021276595743,norm
21.70212765957447,gamma,21.70212765957447,cauchy,21.70212765957447,lognorm,21.70212765957447,cauchy,21.70212765957447,norm,21.70212765957447,lognorm,21.70212765957447,exponpow,21.70212765957447,lognorm,21.70212765957447,cauchy,21.70212765957447,exponpow,21.70212765957447,gamma
21.78723404255319,cauchy,21.78723404255319,cauchy,21.78723404255319,lognorm,21.78723404255319,cauchy,21.78723404255319,cauchy,21.78723404255319,cauchy,21.78723404255319,cauchy,21.78723404255319,cauchy,21.78723404255319,cauchy,21.78723404255319,exponpow,21.78723404255319,cauchy
21.872340425531917,norm,21.872340425531917,exponpow,21.872340425531917,cauchy,21.872340425531917,cauchy,21.872340425531917,cauchy,21.872340425531917,cauchy,21.872340425531917,cauchy,21.872340425531917,cauchy,21.872340425531917,norm,21.872340425531917,norm,21.872340425531917,cauchy
21.95744680851064,lognorm,21.95744680851064,cauchy,21.95744680851064,cauchy,21.95744680851064,exponpow,21.95744680851064,lognorm,21.95744680851064,lognorm,21.95744680851064,exponpow,21.95744680851064,norm,21.95744680851064,exponpow,21.95744680851064,lognorm,21.95744680851064,lognorm
22.04255319148936,lognorm,22.04255319148936,lognorm,22.04255319148936,cauchy,22.04255319148936,lognorm,22.04255319148936,cauchy,22.04255319148936,norm,22.04255319148936,cauchy,22.04255319148936,norm,22.04255319148936,exponpow,22.04255319148936,norm,22.04255319148936,cauchy
22.127659574468083,exponpow,22.127659574468083,cauchy,22.127659574468083,cauchy,22.127659574468083,exponpow,22.127659574468083,cauchy,22.127659574468083,norm,22.127659574468083,cauchy,22.127659574468083,cauchy,22.127659574468083,powerlaw,22.127659574468083,cauchy,22.127659574468083,norm
22.212765957446805,exponpow,22.212765957446805,cauchy,22.212765957446805,cauchy,22.212765957446805,cauchy,22.212765957446805,cauchy,22.212765957446805,exponpow,22.212765957446805,exponpow,22.212765957446805,lognorm,22.212765957446805,exponpow,22.212765957446805,exponpow,22.212765957446805,norm
22.29787234042553,cauchy,22.29787234042553,norm,22.29787234042553,cauchy,22.29787234042553,powerlaw,22.29787234042553,cauchy,22.29787234042553,cauchy,22.29787234042553,exponpow,22.29787234042553,norm,22.29787234042553,norm,22.29787234042553,exponpow,22.29787234042553,lognorm
22.382978723404253,cauchy,22.382978723404253,cauchy,22.382978723404253,norm,22.382978723404253,exponpow,22.382978723404253,cauchy,22.382978723404253,exponpow,22.382978723404253,cauchy,22.382978723404253,exponpow,22.382978723404253,lognorm,22.382978723404253,cauchy,22.382978723404253,lognorm
22.46808510638298,cauchy,22.46808510638298,cauchy,22.46808510638298,cauchy,22.46808510638298,cauchy,22.46808510638298,cauchy,22.46808510638298,cauchy,22.46808510638298,cauchy,22.46808510638298,norm,22.46808510638298,norm,22.46808510638298,norm,22.46808510638298,exponpow
22.5531914893617,norm,22.5531914893617,norm,22.5531914893617,cauchy,22.5531914893617,norm,22.5531914893617,cauchy,22.5531914893617,lognorm,22.5531914893617,exponpow,22.5531914893617,cauchy,22.5531914893617,lognorm,22.5531914893617,exponpow,22.5531914893617,exponpow
22.638297872340427,norm,22.638297872340427,exponpow,22.638297872340427,cauchy,22.638297872340427,exponpow,22.638297872340427,norm,22.638297872340427,cauchy,22.638297872340427,cauchy,22.638297872340427,cauchy,22.638297872340427,lognorm,22.638297872340427,exponpow,22.638297872340427,lognorm
22.72340425531915,cauchy,22.72340425531915,cauchy,22.72340425531915,cauchy,22.72340425531915,exponpow,22.72340425531915,cauchy,22.72340425531915,gamma,22.72340425531915,cauchy,22.72340425531915,cauchy,22.72340425531915,lognorm,22.72340425531915,powerlaw,22.72340425531915,cauchy
22.808510638297875,lognorm,22.808510638297875,exponpow,22.808510638297875,exponpow,22.808510638297875,exponpow,22.808510638297875,cauchy,22.808510638297875,norm,22.808510638297875,cauchy,22.808510638297875,exponpow,22.808510638297875,lognorm,22.808510638297875,exponpow,22.808510638297875,exponpow
22.893617021276597,exponpow,22.893617021276597,cauchy,22.893617021276597,exponpow,22.893617021276597,exponpow,22.893617021276597,lognorm,22.893617021276597,exponpow,22.893617021276597,exponpow,22.893617021276597,cauchy,22.893617021276597,norm,22.893617021276597,exponpow,22.893617021276597,gamma
22.97872340425532,cauchy,22.97872340425532,norm,22.97872340425532,cauchy,22.97872340425532,exponpow,22.97872340425532,lognorm,22.97872340425532,norm,22.97872340425532,cauchy,22.97872340425532,lognorm,22.97872340425532,lognorm,22.97872340425532,exponpow,22.97872340425532,norm
23.06382978723404,lognorm,23.06382978723404,lognorm,23.06382978723404,exponpow,23.06382978723404,exponpow,23.06382978723404,cauchy,23.06382978723404,rayleigh,23.06382978723404,cauchy,23.06382978723404,norm,23.06382978723404,cauchy,23.06382978723404,lognorm,23.06382978723404,norm
23.148936170212764,norm,23.148936170212764,cauchy,23.148936170212764,cauchy,23.148936170212764,exponpow,23.148936170212764,norm,23.148936170212764,gamma,23.148936170212764,cauchy,23.148936170212764,exponpow,23.148936170212764,rayleigh,23.148936170212764,cauchy,23.148936170212764,exponpow
23.23404255319149,chi2,23.23404255319149,cauchy,23.23404255319149,lognorm,23.23404255319149,exponpow,23.23404255319149,norm,23.23404255319149,norm,23.23404255319149,norm,23.23404255319149,cauchy,23.23404255319149,exponpow,23.23404255319149,exponpow,23.23404255319149,norm
23.319148936170212,lognorm,23.319148936170212,exponpow,23.319148936170212,cauchy,23.319148936170212,exponpow,23.319148936170212,cauchy,23.319148936170212,cauchy,23.319148936170212,exponpow,23.319148936170212,exponpow,23.319148936170212,exponpow,23.319148936170212,exponpow,23.319148936170212,lognorm
23.404255319148938,rayleigh,23.404255319148938,exponpow,23.404255319148938,exponpow,23.404255319148938,norm,23.404255319148938,exponpow,23.404255319148938,lognorm,23.404255319148938,exponpow,23.404255319148938,exponpow,23.404255319148938,exponpow,23.404255319148938,exponpow,23.404255319148938,exponpow
23.48936170212766,lognorm,23.48936170212766,cauchy,23.48936170212766,powerlaw,23.48936170212766,exponpow,23.48936170212766,exponpow,23.48936170212766,cauchy,23.48936170212766,exponpow,23.48936170212766,exponpow,23.48936170212766,chi2,23.48936170212766,exponpow,23.48936170212766,chi2
23.574468085106382,exponpow,23.574468085106382,cauchy,23.574468085106382,exponpow,23.574468085106382,exponpow,23.574468085106382,powerlaw,23.574468085106382,exponpow,23.574468085106382,exponpow,23.574468085106382,exponpow,23.574468085106382,exponpow,23.574468085106382,norm,23.574468085106382,chi2
23.659574468085104,powerlaw,23.659574468085104,exponpow,23.659574468085104,cauchy,23.659574468085104,cauchy,23.659574468085104,powerlaw,23.659574468085104,exponpow,23.659574468085104,exponpow,23.659574468085104,exponpow,23.659574468085104,cauchy,23.659574468085104,cauchy,23.659574468085104,lognorm
23.74468085106383,exponpow,23.74468085106383,cauchy,23.74468085106383,lognorm,23.74468085106383,lognorm,23.74468085106383,exponpow,23.74468085106383,exponpow,23.74468085106383,exponpow,23.74468085106383,cauchy,23.74468085106383,exponpow,23.74468085106383,exponpow,23.74468085106383,lognorm
23.829787234042552,exponpow,23.829787234042552,cauchy,23.829787234042552,exponpow,23.829787234042552,exponpow,23.829787234042552,cauchy,23.829787234042552,cauchy,23.829787234042552,cauchy,23.829787234042552,exponpow,23.829787234042552,cauchy,23.829787234042552,exponpow,23.829787234042552,lognorm
23.914893617021278,powerlaw,23.914893617021278,exponpow,23.914893617021278,exponpow,23.914893617021278,exponpow,23.914893617021278,exponpow,23.914893617021278,exponpow,23.914893617021278,cauchy,23.914893617021278,cauchy,23.914893617021278,powerlaw,23.914893617021278,exponpow,23.914893617021278,gamma
